{
    "Logistic_Regression": {
        "accuracy": 0.815471965933286,
        "precision": 0.677115987460815,
        "recall": 0.579088471849866,
        "f1_score": 0.6242774566473989,
        "roc_auc": 0.7398338112145082
    },
    "Random_Forest": {
        "accuracy": 0.8034066713981547,
        "precision": 0.6804511278195489,
        "recall": 0.48525469168900803,
        "f1_score": 0.5665101721439749,
        "roc_auc": 0.701604179821338
    },
    "XGBoost": {
        "accuracy": 0.794180269694819,
        "precision": 0.6360655737704918,
        "recall": 0.5201072386058981,
        "f1_score": 0.5722713864306784,
        "roc_auc": 0.7064821907315205
    }
}