{
    "Logistic_Regression": {
        "accuracy": 0.815471965933286,
        "precision": 0.677115987460815,
        "recall": 0.579088471849866,
        "f1_score": 0.6242774566473989,
        "roc_auc": 0.7398338112145082
    },
    "Random_Forest": {
        "accuracy": 0.7970191625266146,
        "precision": 0.6653992395437263,
        "recall": 0.4691689008042895,
        "f1_score": 0.550314465408805,
        "roc_auc": 0.6921134079311023
    },
    "XGBoost": {
        "accuracy": 0.794180269694819,
        "precision": 0.6360655737704918,
        "recall": 0.5201072386058981,
        "f1_score": 0.5722713864306784,
        "roc_auc": 0.7064821907315205
    }
}