{
    "accuracy": 0.8069552874378992,
    "precision": 0.6677740863787376,
    "recall": 0.5388739946380697,
    "f1_score": 0.5964391691394659,
    "roc_auc": 0.7211744490564866
}